{"0": 0.9974573192880494, "1": 0.0025426807119505995, "2": 0.0, "3": 0.0, "4": 0.0, "5": 0.0}