{"width": 100000, "height": 100000, "step": 1000, "longitude_west": -2.40953, "latitude_north": 46.41813, "longitude_est": -1.10501276705269, "latitude_south": 45.51880839408127, "longitude_west_to_est": [-2.40953, -2.3963530582530574, -2.383176116506115, -2.3699991747591724, -2.35682223301223, -2.3436452912652874, -2.330468349518345, -2.3172914077714024, -2.30411446602446, -2.2909375242775174, -2.2777605825305747, -2.2645836407836324, -2.2514066990366897, -2.2382297572897474, -2.2250528155428047, -2.2118758737958624, -2.1986989320489196, -2.1855219903019774, -2.1723450485550346, -2.1591681068080923, -2.1459911650611496, -2.132814223314207, -2.1196372815672646, -2.106460339820322, -2.0932833980733796, -2.080106456326437, -2.0669295145794946, -2.053752572832552, -2.0405756310856096, -2.027398689338667, -2.0142217475917246, -2.001044805844782, -1.9878678640978393, -1.9746909223508968, -1.961513980603954, -1.9483370388570118, -1.935160097110069, -1.9219831553631266, -1.908806213616184, -1.8956292718692416, -1.882452330122299, -1.8692753883753566, -1.856098446628414, -1.8429215048814713, -1.829744563134529, -1.8165676213875863, -1.803390679640644, -1.7902137378937013, -1.7770367961467588, -1.7638598543998163, -1.7506829126528738, -1.7375059709059313, -1.7243290291589886, -1.7111520874120463, -1.6979751456651035, -1.6847982039181613, -1.6716212621712185, -1.658444320424276, -1.6452673786773335, -1.632090436930391, -1.6189134951834485, -1.605736553436506, -1.5925596116895635, -1.5793826699426208, -1.5662057281956785, -1.5530287864487358, -1.5398518447017935, -1.5266749029548508, -1.5134979612079082, -1.5003210194609657, -1.4871440777140232, -1.4739671359670807, -1.460790194220138, -1.4476132524731957, -1.434436310726253, -1.4212593689793107, -1.408082427232368, -1.3949054854854255, -1.381728543738483, -1.3685516019915405, -1.355374660244598, -1.3421977184976555, -1.329020776750713, -1.3158438350037704, -1.3026668932568277, -1.2894899515098852, -1.2763130097629427, -1.2631360680160002, -1.2499591262690577, -1.2367821845221152, -1.2236052427751727, -1.2104283010282302, -1.1972513592812877, -1.1840744175343452, -1.1708974757874024, -1.15772053404046, -1.1445435922935174, -1.131366650546575, -1.1181897087996324, -1.10501276705269], "latitude_north_to_south": [46.41813, 46.40904594337456, 46.39996188674912, 46.39087783012367, 46.38179377349823, 46.37270971687279, 46.36362566024735, 46.354541603621904, 46.345457546996464, 46.336373490371024, 46.327289433745584, 46.31820537712014, 46.3091213204947, 46.30003726386926, 46.29095320724382, 46.28186915061837, 46.27278509399293, 46.26370103736749, 46.25461698074205, 46.2455329241166, 46.23644886749116, 46.22736481086572, 46.21828075424028, 46.209196697614836, 46.200112640989396, 46.191028584363956, 46.181944527738516, 46.17286047111307, 46.16377641448763, 46.15469235786219, 46.14560830123675, 46.1365242446113, 46.12744018798586, 46.11835613136042, 46.10927207473498, 46.10018801810954, 46.091103961484094, 46.082019904858655, 46.072935848233215, 46.063851791607775, 46.05476773498233, 46.04568367835689, 46.03659962173145, 46.02751556510601, 46.01843150848056, 46.00934745185512, 46.00026339522968, 45.99117933860424, 45.98209528197879, 45.97301122535335, 45.96392716872791, 45.95484311210247, 45.945759055477026, 45.936674998851586, 45.927590942226146, 45.918506885600706, 45.90942282897526, 45.90033877234982, 45.89125471572438, 45.88217065909894, 45.87308660247349, 45.86400254584805, 45.85491848922261, 45.84583443259717, 45.836750375971725, 45.827666319346285, 45.818582262720845, 45.809498206095405, 45.800414149469965, 45.79133009284452, 45.78224603621908, 45.77316197959364, 45.7640779229682, 45.75499386634275, 45.74590980971731, 45.73682575309187, 45.72774169646643, 45.718657639840984, 45.709573583215544, 45.700489526590104, 45.691405469964664, 45.68232141333922, 45.67323735671378, 45.66415330008834, 45.6550692434629, 45.64598518683745, 45.63690113021201, 45.62781707358657, 45.61873301696113, 45.60964896033568, 45.60056490371024, 45.5914808470848, 45.58239679045936, 45.573312733833916, 45.564228677208476, 45.555144620583036, 45.546060563957596, 45.53697650733215, 45.52789245070671, 45.51880839408127]}