{"width": 100000, "height": 100000, "step": 1000, "longitude_west": -2.40953, "latitude_north": 46.41813, "longitude_est": -1.10501276705269, "latitude_south": 45.51880839408127, "longitude_west_to_est": [-2.4095, -2.3964, -2.3832, -2.37, -2.3568, -2.3436, -2.3305, -2.3173, -2.3041, -2.2909, -2.2778, -2.2646, -2.2514, -2.2382, -2.2251, -2.2119, -2.1987, -2.1855, -2.1723, -2.1592, -2.146, -2.1328, -2.1196, -2.1065, -2.0933, -2.0801, -2.0669, -2.0538, -2.0406, -2.0274, -2.0142, -2.001, -1.9879, -1.9747, -1.9615, -1.9483, -1.9352, -1.922, -1.9088, -1.8956, -1.8825, -1.8693, -1.8561, -1.8429, -1.8297, -1.8166, -1.8034, -1.7902, -1.777, -1.7639, -1.7507, -1.7375, -1.7243, -1.7112, -1.698, -1.6848, -1.6716, -1.6584, -1.6453, -1.6321, -1.6189, -1.6057, -1.5926, -1.5794, -1.5662, -1.553, -1.5399, -1.5267, -1.5135, -1.5003, -1.4871, -1.474, -1.4608, -1.4476, -1.4344, -1.4213, -1.4081, -1.3949, -1.3817, -1.3686, -1.3554, -1.3422, -1.329, -1.3158, -1.3027, -1.2895, -1.2763, -1.2631, -1.25, -1.2368, -1.2236, -1.2104, -1.1973, -1.1841, -1.1709, -1.1577, -1.1445, -1.1314, -1.1182, -1.105], "latitude_north_to_south": [45.5188, 45.5279, 45.537, 45.5461, 45.5551, 45.5642, 45.5733, 45.5824, 45.5915, 45.6006, 45.6096, 45.6187, 45.6278, 45.6369, 45.646, 45.6551, 45.6642, 45.6732, 45.6823, 45.6914, 45.7005, 45.7096, 45.7187, 45.7277, 45.7368, 45.7459, 45.755, 45.7641, 45.7732, 45.7822, 45.7913, 45.8004, 45.8095, 45.8186, 45.8277, 45.8368, 45.8458, 45.8549, 45.864, 45.8731, 45.8822, 45.8913, 45.9003, 45.9094, 45.9185, 45.9276, 45.9367, 45.9458, 45.9548, 45.9639, 45.973, 45.9821, 45.9912, 46.0003, 46.0093, 46.0184, 46.0275, 46.0366, 46.0457, 46.0548, 46.0639, 46.0729, 46.082, 46.0911, 46.1002, 46.1093, 46.1184, 46.1274, 46.1365, 46.1456, 46.1547, 46.1638, 46.1729, 46.1819, 46.191, 46.2001, 46.2092, 46.2183, 46.2274, 46.2364, 46.2455, 46.2546, 46.2637, 46.2728, 46.2819, 46.291, 46.3, 46.3091, 46.3182, 46.3273, 46.3364, 46.3455, 46.3545, 46.3636, 46.3727, 46.3818, 46.3909, 46.4, 46.409, 46.4181]}